mode,canny_mse_mean,canny_mse_std,canny_mse_median,clip_similarity_mean,clip_similarity_std,clip_similarity_median,canny_score,clip_score,balanced_score
naive_combined,0.13746417617797851,0.0748808168890247,0.1213226318359375,0.6381970150470734,0.10680420916297399,0.6353877484798431,1.0,0.0,0.5
tau_0p25,0.18196673965454102,0.07182893739241278,0.17680931091308594,0.8194960814416409,0.06845623381293309,0.8283354640007019,0.0,1.0,0.5
smooth_sharpness__tau_0p25__sharp_16p0,0.18181506729125976,0.07238361547638816,0.17764854431152344,0.7974261469244956,0.07610503159641208,0.8052911758422852,0.003408171382332543,0.878267798306729,0.44083798484453074
