mode,count,canny_mse_mean,clip_similarity_mean
naive_combined,13,0.18244611299954927,0.5325321578062497
tau_0p25,13,0.21544500497671273,0.8305060496697059
tau_0p4,13,0.21145747258112982,0.7789040299562308
tau_0p5,13,0.20377672635591948,0.7151060883815472
tau_0p6,13,0.20953750610351562,0.6493914975569799
tau_0p75,13,0.19958085280198318,0.5658749617063082
